{
"model": "atan",
"rows": 320,
"cols": 480,
"fx": 0.425881,
"fy": 0.639873,
"cx": 0.504153, 
"cy": 0.525719, 
"w": 0.857591
}
