{
"model": "equidistant",
"rows": 512, 
"cols": 512,
"fx": 190.97847715128717, 
"fy": 190.9733070521226, 
"cx": 254.93170605935475, 
"cy": 256.8974428996504,
"k0123": [0.0034823894022493434, 0.0007150348452162257, -0.0020532361418706202, 0.00020293673591811182],
"max_iter": 15,
"comment": "512-cam0"
}

